scenario,rows,coverage,treatment_effect_hat_mean,bias,rmse,ci_length_mean,n_selected_outcome_controls_mean,n_selected_treatment_controls_mean,outcome_lasso_penalty_mean,treatment_lasso_penalty_mean,standard_error_HC3_mean
large_corr_0_5,500,0.798,1.9967960243773,-0.0032039756227001275,0.11598363819350894,0.23754661189855295,29.678,29.446,0.2717087242533689,0.11945442580201102,0.06059973901874987
medium_corr_0_2,500,0.786,2.0018877417458083,0.0018877417458081633,0.1641447990270628,0.29973017253539463,25.454,25.948,0.3519745265770452,0.15597329504676855,0.07646318373695328
medium_corr_0_0,500,0.716,2.0020820598564986,0.002082059856498965,0.1735904192231435,0.299784869757285,27.084,27.27,0.3431063263744671,0.1526722175477708,0.07647713736628572
medium_corr_0_5,500,0.816,2.0023208021679473,0.0023208021679473967,0.1467953279149389,0.2990527537645113,25.552,26.208,0.3056992194184231,0.13533886764123843,0.07629036965051429
large_corr_0_2,500,0.76,2.0016496166311493,0.0016496166311495495,0.12484597901333429,0.2402261913255416,29.04,29.8,0.3182423868212107,0.13749804914803507,0.06128331776002392
large_corr_0_0,500,0.712,2.0030101362062505,0.003010136206250813,0.1308540685376197,0.2395583914366694,30.606,30.878,0.31241660560442336,0.13723826246265453,0.06111295751510622
small_corr_0_2,500,0.71,2.004205789830681,0.004205789830680908,0.25169703505994145,0.3993457561907194,22.518,22.29,0.3790659606660509,0.16845534827871878,0.10187578938712845
small_corr_0_0,500,0.674,2.021812407422075,0.021812407422074895,0.2822829126970817,0.4056282612024724,23.924,24.516,0.3685255381224386,0.16215842889291912,0.10347849868722493
small_corr_0_5,500,0.77,2.0111267079242774,0.011126707924277474,0.22885294931698624,0.3977471721895895,22.502,22.604,0.3307285696962053,0.14784234827008036,0.10146797985242796
