scenario,rows,coverage,treatment_effect_hat_mean,bias,rmse,ci_length_mean,n_selected_outcome_controls_mean,n_selected_treatment_controls_mean,outcome_lasso_penalty_mean,treatment_lasso_penalty_mean,standard_error_HC3_mean
large_corr_0_5,500,0.81,1.9963265499619933,-0.003673450038006714,0.10845035455992152,0.22296278772652925,25.748,25.3,0.19444682317630707,0.08778069522488953,0.056879307345755116
medium_corr_0_2,500,0.772,2.0117215113432545,0.011721511343254281,0.15959254572183063,0.2869338816610966,21.29,21.954,0.2726626644116493,0.11991073999619556,0.07319876383555882
medium_corr_0_0,500,0.662,2.006446392328346,0.0064463923283462595,0.1690723987297884,0.28320436481879363,19.21,18.828,0.2869345695970152,0.1293019310134191,0.07224733899517374
medium_corr_0_5,500,0.792,2.0077612733047663,0.007761273304766421,0.155142421702657,0.28770667236059605,21.512,22.208,0.22812447606419053,0.10031662445454542,0.07339590794269421
large_corr_0_2,500,0.764,1.9931850219618878,-0.00681497803811224,0.12053775265623487,0.22212928394396342,25.89,24.874,0.23276021850269188,0.10568972469063499,0.05666667492262377
large_corr_0_0,500,0.698,1.9992085929792047,-0.000791407020795484,0.13594146286717548,0.22177263333694053,23.156,22.554,0.24410533508513566,0.11000239341354096,0.056575690953062044
small_corr_0_2,500,0.708,2.0011370338526775,0.0011370338526774937,0.28908068481998556,0.38093624988740865,18.556,18.004,0.313440963150135,0.14104168866919853,0.09717940046148427
small_corr_0_0,500,0.58,2.0158600351553875,0.0158600351553875,0.3932451072403244,0.3831532130201541,17.162,16.278,0.33539642896211197,0.15184634196558966,0.09774496267340055
small_corr_0_5,500,0.746,1.9966808657862727,-0.003319134213727237,0.27163280878316187,0.3822976091271495,18.87,18.324,0.2620277623667054,0.11766710704583838,0.09752669236339652
